id;nom;description;date_creation;concepteur;prix;meilleur_score;lien_telechargement;lien_jouer
1;connecting Accounts;Route Village Rustic;2021-05-02;Savings Account CSS District;24416;39281;fresh-thinking;bypassing B2B Bike
2;Tunnel;Cross-platform backing up attitude;2021-05-02;calculate Central;18175;41708;Nepalese Rupee Marketing;Arizona visionary Future
3;Auto Loan Account;Tactics;2021-05-02;Cambridgeshire product;75728;67;plum Shirt;Drive Vermont
4;copy;bandwidth open-source Applications;2021-05-01;Maryland 1080p;1926;26539;Fantastic Buckinghamshire Bedfordshire;Metrics Streamlined
5;Wooden connect Burgs;capacitor bypass;2021-05-02;high-level green;59379;12961;Argentine Peso heuristic;Borders cohesive Leone
6;portals Idaho;Metal;2021-05-02;Markets Credit Card Account;84823;63975;harness innovative;Azerbaijanian Manat Saint Kitts and Nevis
7;Quality SQL Ergonomic;Corporate Bedfordshire;2021-05-02;Avon withdrawal Games;10468;83790;Berkshire deliver wireless;withdrawal
8;SCSI Personal Loan Account;concept drive panel;2021-05-02;Branding Program;49114;14825;Liechtenstein Tasty green;backing up compelling Cambridgeshire
9;Swaziland Dynamic;back-end Clothing salmon;2021-05-01;Incredible Wooden Car cross-platform;45481;72828;bandwidth communities Monitored;Hawaii
10;partnerships;Group New Jersey;2021-05-02;Gorgeous Indonesia;72448;81502;salmon bluetooth Trail;US Dollar Web
